0,1,2,3,4,5,6,7,8,9,10,11,12,13,14,15,16,17,18,19,20,21,22,23,24,25,26,27,28,29,30,31,32,33,34,35,36,37,38,39,40,41,42,43,44,45,46,47,48,49,50,51,52,53,54,55,56,57,58,59,60,61,62,63,64,65,66,67,68,69,70,71,72,73,74,75,76,77,78,79,80,81,82,83,84,85,86,87,88,89,90,91,92,93,94,95,96,97,98,99
0,0,0,0,0,0,0,0,0,0,0,0,0,0,0,0,0,0,0,0,0,0,0,0,0,0,0,0,0,0,0,0,0,0,0,0,0,0,0,0,0,0,0,172,569,570,24,10,21,571,363,364,572,573,7,71,18,574,243,86,575,126,86,12,100,4,13,71,18,576,577,72,56,26,127,12,9,71,18,13,578,101,28,10,9,1,365,9,1,66,10,128,9,86,7,102,71,18,9,44
174,583,245,584,49,26,39,585,586,371,372,587,15,174,588,589,246,131,590,15,132,175,591,35,373,374,15,22,105,247,73,40,74,248,249,67,375,250,376,75,130,377,74,12,378,592,106,251,106,18,379,593,374,15,22,594,22,252,33,595,26,86,596,380,40,381,67,104,253,254,15,15,174,33,107,3,22,133,382,597,67,134,598,599,102,176,22,135,45,57,40,383,600,136,56,366,367,108,35,19
0,0,0,0,0,0,0,0,0,0,0,0,0,0,0,0,0,0,0,0,0,0,0,0,0,0,0,0,0,0,0,0,0,0,0,0,0,0,0,0,0,0,0,177,384,49,29,601,39,133,385,602,73,87,19,603,76,604,20,386,387,39,88,134,7,605,606,607,608,609,610,50,3,137,611,612,66,613,614,51,9,178,179,52,615,616,255,617,618,57,89,19,388,389,390,387,619,378,256,44
0,0,0,0,0,0,0,0,0,0,0,0,0,0,0,0,0,0,0,0,0,0,0,0,0,0,0,0,0,0,0,0,0,0,0,0,0,0,0,0,0,0,0,0,0,0,0,0,0,0,0,0,0,0,0,0,0,0,0,0,0,0,0,0,0,0,0,0,0,0,0,0,0,0,0,30,4,109,391,620,18,257,68,2,90,58,621,392,622,180,68,23,393,623,257,2,1,138,394,258
0,0,0,0,0,0,0,0,0,0,0,0,0,0,0,0,0,0,0,0,0,0,0,0,0,0,0,0,0,0,0,0,0,0,0,0,0,0,0,0,0,0,0,0,0,0,0,0,0,0,0,0,0,0,0,0,0,0,0,0,0,0,0,0,0,0,0,0,0,0,0,0,0,0,0,0,0,0,0,0,0,0,0,0,0,0,0,0,0,0,0,0,0,16,77,624,41,625,10,1
0,0,0,0,0,0,0,0,0,0,0,0,0,0,0,0,0,0,0,0,0,0,0,0,0,0,0,0,0,0,0,0,0,0,0,0,0,0,0,0,0,0,0,0,0,0,0,0,0,0,0,0,0,0,0,0,0,0,0,0,0,0,0,0,0,0,0,0,0,0,0,0,0,0,0,0,0,395,181,134,28,59,3,259,260,261,130,396,1,397,386,262,626,41,182,263,627,628,42,29
0,0,0,0,0,0,0,0,0,0,0,0,0,0,0,0,0,0,0,0,0,0,0,0,0,0,0,0,0,0,0,0,0,0,0,0,0,629,630,2,73,398,631,632,60,34,633,5,1,4,264,53,2,11,634,14,635,27,42,19,265,105,139,34,636,266,139,60,34,637,31,183,34,2,638,127,639,53,2,12,399,184,2,110,264,53,267,185,111,28,4,53,258,640,641,268,60,34,642,2
0,0,0,0,0,0,0,0,0,0,0,0,0,0,0,0,0,0,0,0,0,0,0,0,0,0,0,0,0,0,0,0,0,0,0,0,0,0,0,0,0,0,0,0,0,0,0,0,0,0,0,0,0,0,0,0,0,0,0,0,0,0,0,0,0,0,78,186,44,643,644,645,187,400,188,646,44,647,648,401,140,649,90,112,16,650,56,402,56,113,403,189,269,270,54,651,59,113,403,652
0,0,0,0,0,0,0,0,0,0,0,0,0,0,0,0,0,0,0,0,0,0,0,0,0,0,0,0,0,0,0,0,0,0,0,0,0,0,0,0,0,0,0,0,0,0,0,0,0,0,0,0,0,0,0,0,0,0,0,0,0,0,0,0,0,0,0,0,0,0,0,0,0,0,0,0,0,0,0,0,0,0,0,141,7,653,404,404,405,190,88,32,654,17,406,91,191,113,407,408
0,0,0,0,0,0,0,0,0,0,0,0,0,0,0,0,0,0,0,0,0,0,0,0,0,0,0,0,0,0,0,0,0,0,0,0,0,0,0,0,0,0,0,0,0,0,0,114,68,271,272,92,409,655,73,656,114,5,410,31,4,68,2,137,7,657,658,273,2,659,394,258,256,68,411,274,68,2,660,661,2,192,109,662,663,193,79,664,31,47,2,665,666,667,275,368,114,31,43,276
277,278,279,4,13,1,254,33,280,4,72,33,115,116,4,72,115,116,669,670,3,1,4,281,143,413,281,143,80,671,672,117,673,674,21,282,21,414,4,675,115,116,182,69,412,89,277,277,194,115,116,676,281,143,66,677,678,280,7,679,415,416,417,135,680,93,681,682,12,115,116,195,418,58,283,402,30,11,280,55,27,61,683,4,172,684,685,686,27,196,17,19,284,91,419,687,266,118,197,285
0,0,0,0,0,0,0,0,0,0,0,0,0,0,0,0,0,0,0,0,0,0,0,0,0,0,0,0,0,0,0,0,0,0,0,0,0,0,0,0,0,0,0,0,0,0,0,0,0,0,0,0,0,0,0,0,0,0,0,0,0,0,0,0,0,94,30,5,688,420,421,422,372,689,144,145,73,67,62,423,7,112,42,197,690,16,279,26,691,58,692,198,56,20,693,694,26,424,5,30
0,0,0,0,0,0,0,0,0,0,0,0,0,0,0,0,0,0,0,0,0,0,0,0,0,0,0,0,0,0,0,0,0,0,0,0,0,0,0,0,0,0,0,0,0,0,0,0,0,0,0,0,0,0,0,0,0,0,0,0,0,0,0,0,0,0,0,0,0,0,0,0,0,0,0,0,0,0,0,0,0,0,0,0,0,0,0,0,0,0,0,81,695,17,22,286,50,28,10,425
0,0,0,0,0,0,0,0,0,0,0,0,0,0,0,0,0,0,0,0,0,0,0,0,0,0,0,0,0,0,0,0,0,0,0,0,0,0,0,0,0,0,0,0,0,0,0,0,0,0,0,0,0,0,0,0,696,11,119,697,199,2,48,283,200,426,698,10,49,201,146,287,699,61,6,700,3,288,173,4,701,192,202,2,21,410,3,288,245,427,120,71,11,80,17,289,62,702,703,428
0,0,0,0,0,0,0,0,0,0,0,0,0,0,0,0,0,0,0,0,0,0,0,0,0,0,0,0,0,0,0,0,0,0,0,0,0,0,0,0,0,0,0,0,0,0,0,0,0,0,0,0,0,0,0,0,0,0,0,0,0,0,0,0,0,0,0,0,0,0,0,0,0,0,0,0,0,0,0,0,0,0,0,0,0,0,0,0,0,0,1,704,365,290,3,705,147,429,90,11
0,0,0,0,0,0,0,0,0,0,0,0,0,0,0,0,0,0,0,0,0,0,0,0,0,0,0,0,0,0,0,0,0,0,0,0,0,0,0,0,0,0,0,0,0,0,0,0,0,0,0,0,0,0,0,0,0,0,0,0,0,0,0,0,0,0,0,0,0,0,0,0,0,0,0,0,0,0,0,0,0,0,0,0,0,0,72,291,12,106,196,706,48,14,57,292,10,430,128,54
0,0,0,0,0,0,0,0,0,0,0,0,0,0,0,0,0,0,0,0,0,0,0,0,0,0,0,0,0,0,0,0,0,0,0,0,0,0,0,0,0,0,0,0,0,0,0,0,0,0,0,0,0,0,0,0,0,0,0,0,0,0,0,0,0,0,0,0,0,0,0,0,0,0,0,0,0,0,0,0,0,0,0,0,0,0,0,0,0,431,8,5,31,200,293,203,17,707,17,432
0,0,0,0,0,0,0,0,0,0,0,0,0,0,0,0,0,0,0,0,0,0,0,0,0,0,0,0,0,0,0,0,0,0,0,0,0,0,0,0,0,0,0,0,0,0,0,0,0,0,0,0,0,0,0,0,0,0,0,0,0,0,0,0,0,0,0,0,0,0,0,0,204,433,434,294,708,295,434,251,70,205,14,121,19,296,206,709,1,710,120,711,3,712,13,107,95,297,38,435
0,0,0,0,0,0,0,0,0,0,0,0,0,0,0,0,0,0,0,0,0,0,0,0,0,0,0,0,0,0,0,0,0,0,0,0,0,0,0,0,0,0,0,0,0,0,0,0,0,0,0,0,0,0,0,0,0,0,0,0,0,0,0,0,0,0,0,0,0,0,0,0,0,0,0,0,0,0,0,713,714,26,715,424,436,716,6,198,717,718,719,41,55,437,278,55,720,721,722,399
0,0,0,0,0,0,0,0,0,0,0,0,0,0,0,0,0,0,0,0,0,0,0,0,0,0,0,0,0,0,0,0,0,0,0,0,0,0,0,0,0,0,0,0,0,0,0,0,0,0,0,0,0,0,0,0,0,0,0,0,0,438,25,78,290,109,22,44,102,136,81,723,13,100,77,724,78,45,148,725,41,726,207,24,74,54,208,298,14,727,131,728,134,392,283,293,44,17,10,44
0,0,0,0,0,0,0,0,0,0,0,0,0,0,0,0,0,0,0,0,0,0,0,0,0,0,0,0,0,0,0,0,0,0,0,0,0,0,0,0,0,0,0,0,0,0,0,0,0,0,0,0,0,0,0,0,0,0,0,0,0,0,0,0,0,0,0,0,0,0,0,0,0,0,0,0,0,0,0,0,0,0,209,36,2,92,439,729,730,70,299,149,440,2,72,731,70,13,441,732
0,0,0,0,0,0,0,0,0,0,0,0,0,0,0,0,0,0,0,0,0,0,0,0,0,0,0,0,0,0,0,0,0,0,0,0,0,0,0,0,0,0,0,0,0,0,0,0,0,0,0,0,0,0,0,0,0,0,0,0,0,0,0,0,0,0,0,0,0,0,0,0,0,0,0,0,0,0,0,0,0,0,0,0,0,0,0,0,0,733,300,28,96,8,734,3,28,86,301,37
0,0,0,0,0,0,0,0,0,0,0,0,0,0,0,0,0,0,0,0,0,0,0,0,0,0,0,0,0,0,0,0,0,0,0,0,0,0,0,0,0,0,0,0,0,0,0,0,0,0,0,0,0,0,0,0,0,0,0,0,0,0,0,0,0,0,0,0,0,735,23,17,210,442,82,146,736,737,27,244,12,29,16,2,83,63,738,82,23,83,51,2,739,302,740,741,36,97,742,443
0,0,0,0,0,0,0,0,0,0,0,0,0,0,0,0,0,0,0,0,0,0,0,0,0,0,0,0,0,0,0,0,0,0,0,0,0,0,0,0,0,0,0,0,0,0,0,0,0,0,0,0,0,0,0,0,0,0,0,0,0,0,0,0,0,0,0,0,0,0,0,0,0,0,0,0,0,0,0,0,0,0,0,0,0,0,0,0,23,743,211,444,16,35,744,745,303,31,81,445
0,0,0,0,0,0,0,0,0,0,0,0,0,0,0,0,0,0,0,0,0,0,0,0,0,0,0,0,0,0,0,0,0,0,0,0,0,0,0,0,0,0,0,0,0,0,0,0,0,0,0,0,0,0,0,0,0,0,0,0,0,0,0,0,0,0,0,0,0,0,0,0,0,0,0,0,0,0,0,0,0,0,746,88,92,84,304,32,305,45,212,747,150,32,213,11,24,58,88,118
0,0,0,0,0,0,0,0,0,0,0,0,0,0,0,0,0,0,0,0,0,0,0,0,0,0,0,0,0,0,0,0,0,0,0,0,0,0,748,8,271,31,446,296,214,306,126,215,8,47,13,151,447,749,97,13,307,750,215,151,751,46,215,8,185,752,753,754,307,755,448,1,16,185,184,756,282,42,69,17,308,757,215,8,309,758,47,759,216,449,29,261,760,4,107,7,149,214,761,17
0,0,0,0,0,0,0,0,0,0,0,0,0,0,0,0,0,0,0,0,0,0,0,0,0,0,0,0,0,0,0,0,0,0,0,0,0,0,0,0,0,0,0,0,0,0,0,0,0,0,0,0,0,0,0,0,0,0,0,0,0,0,0,0,0,0,0,0,0,126,310,95,17,1,423,762,763,764,3,765,766,310,450,767,768,198,311,422,310,206,4,33,312,769,770,451,152,118,452,6
0,0,0,0,0,0,0,0,0,0,0,0,0,0,0,0,0,0,0,0,0,0,0,0,0,0,0,0,0,0,0,0,0,0,0,0,0,0,0,0,0,0,0,0,0,0,0,0,0,0,0,0,0,0,0,0,0,453,313,94,771,772,426,22,454,3,773,431,450,94,70,3,176,774,10,47,775,776,314,84,263,455,103,777,315,83,259,12,778,456,779,205,315,33,454,16,153,4,105,1
0,0,0,0,0,0,0,0,0,0,0,0,0,0,0,0,0,0,0,0,0,0,0,0,0,0,0,0,0,0,0,0,0,0,0,0,0,0,0,0,0,0,0,0,0,0,0,0,0,0,0,217,6,457,5,458,459,316,780,781,782,42,218,140,22,783,784,785,317,14,786,212,58,19,458,459,14,787,72,61,42,318,152,27,11,284,91,251,40,14,32,425,14,13,788,789,460,122,38,39
0,0,0,0,0,0,0,0,0,0,0,0,0,0,0,0,0,0,0,0,0,0,0,0,0,0,0,0,0,0,0,0,0,0,0,0,0,0,0,0,0,0,0,0,0,0,0,0,0,0,0,0,0,0,0,0,0,0,0,57,790,35,791,792,78,319,187,36,78,177,21,16,15,319,219,461,15,793,4,319,794,13,320,3,112,285,46,15,14,795,249,462,54,796,35,177,797,798,15,407
0,0,0,0,0,0,0,0,0,0,0,0,0,0,0,0,0,0,0,0,0,0,0,0,0,0,0,0,0,0,0,0,0,0,0,0,0,0,0,0,0,0,0,0,0,0,0,0,0,0,0,0,0,0,0,0,0,0,0,0,0,0,0,0,0,0,0,0,0,0,0,0,0,0,0,0,13,180,799,25,321,25,800,197,463,25,801,802,133,803,804,77,463,220,154,11,805,221,216,464
0,0,0,0,0,0,0,0,0,0,0,0,0,0,0,0,0,0,0,0,0,0,0,0,0,0,0,0,0,0,0,0,0,0,0,0,0,0,0,0,0,0,0,0,0,0,0,0,0,0,0,0,0,0,0,0,0,0,0,0,0,0,0,0,0,0,0,0,0,0,0,0,0,0,0,0,0,0,0,262,806,807,98,808,465,809,810,811,7,812,466,813,814,29,1,138,67,815,816,17
0,0,0,0,0,0,0,0,0,0,0,0,0,0,0,0,0,103,15,6,6,95,62,817,15,322,140,222,323,49,324,187,21,90,818,819,820,821,15,822,136,325,123,75,190,823,6,467,15,216,40,155,104,824,325,249,223,438,224,225,5,15,825,140,826,468,94,827,828,224,446,829,469,405,830,831,832,833,36,834,835,22,836,123,837,470,470,323,49,90,187,36,262,326,131,471,17,325,123,838
0,0,0,0,0,0,0,0,0,0,0,0,0,0,0,0,0,0,0,0,0,0,0,0,0,0,0,0,0,0,0,0,0,0,0,0,0,0,0,0,0,0,0,0,0,0,0,0,0,0,0,0,0,0,0,0,0,0,0,0,0,0,0,0,0,0,0,0,0,0,0,0,0,0,0,0,0,0,5,60,34,839,156,840,221,35,7,841,472,222,842,6,80,473,106,60,34,35,7,90
0,0,0,0,0,0,0,0,0,0,0,0,0,0,0,0,0,0,0,0,0,0,0,0,0,0,0,0,0,0,0,0,0,0,0,0,0,0,0,0,0,0,0,0,0,0,0,0,0,0,0,0,0,0,0,0,0,0,0,0,0,0,0,0,0,0,0,0,0,0,0,0,0,0,0,0,0,0,0,0,0,0,0,0,0,0,0,0,108,192,267,2,4,843,327,844,18,3,288,6
0,0,0,0,0,0,0,0,0,0,0,0,0,0,0,0,0,845,846,155,474,214,298,847,189,382,475,848,14,8,473,295,849,850,8,309,851,852,853,70,24,157,854,474,264,3,476,855,856,248,124,857,24,157,477,858,225,75,859,8,54,41,478,56,860,861,479,328,862,21,20,210,863,287,27,329,25,39,32,864,221,8,54,132,480,481,865,866,302,23,867,868,869,870,54,67,147,871,132,50
0,0,0,0,0,0,0,0,0,0,0,0,0,0,0,0,0,0,0,0,0,0,0,0,0,0,0,0,0,0,0,0,0,0,0,0,0,0,0,0,0,0,0,0,0,0,0,0,0,0,0,0,0,0,0,0,0,0,0,0,0,0,0,0,0,0,0,0,0,0,0,0,0,0,0,0,0,0,0,0,0,0,0,0,0,0,0,0,0,0,872,61,122,873,874,3,875,47,435,313
0,0,0,0,0,0,0,0,0,0,0,0,0,0,0,0,0,0,0,0,0,0,0,0,0,0,0,0,0,0,0,0,0,0,0,0,0,0,0,0,0,0,0,0,0,0,0,0,0,0,0,0,0,0,0,0,0,0,0,0,0,0,0,0,0,0,0,0,0,0,0,0,0,0,0,0,0,0,0,0,0,0,0,0,37,482,330,43,483,876,877,43,141,878,1,97,111,98,250,5
0,0,0,0,0,0,0,0,0,0,0,0,0,0,0,0,0,0,0,0,0,0,0,0,0,0,0,0,0,0,0,0,0,0,0,0,0,0,0,0,0,0,0,0,0,0,0,0,0,0,0,0,0,0,0,0,0,0,0,0,0,0,0,0,0,0,0,0,0,0,0,0,0,0,252,12,2,68,218,32,158,12,27,879,61,204,129,16,1,10,135,45,12,880,484,159,42,32,484,881
0,0,0,0,0,0,0,0,0,0,0,0,0,0,0,0,0,0,0,0,0,0,0,0,0,0,0,0,0,0,0,0,0,0,0,0,0,0,0,0,0,0,0,0,0,0,0,0,0,0,0,39,320,93,26,10,464,15,6,882,883,226,485,884,227,885,486,15,174,180,22,320,93,83,13,107,228,107,886,201,487,121,887,176,22,39,26,69,121,62,176,22,317,93,182,485,15,11,888,121
0,0,0,0,0,0,0,0,0,0,0,0,0,0,0,0,0,0,0,0,0,0,0,0,0,0,0,0,0,0,0,0,0,0,0,0,0,0,0,0,0,0,0,0,0,0,0,0,0,0,0,0,0,0,0,0,0,0,0,0,0,0,0,0,0,0,0,0,0,0,0,0,0,0,0,0,0,0,0,0,0,0,0,0,0,0,0,0,0,0,0,10,40,148,63,284,429,25,5,21
0,0,0,0,0,0,0,0,0,0,0,0,0,0,0,0,0,0,0,0,0,0,0,0,0,0,0,0,0,0,0,0,0,0,0,0,0,0,0,0,0,0,0,0,0,0,0,0,0,0,0,0,0,0,0,0,0,0,0,0,0,0,0,0,0,0,0,0,0,0,0,0,0,0,0,0,0,0,0,0,0,0,0,0,14,25,488,16,75,19,20,211,488,889,331,89,890,54,489,303
0,0,0,0,0,0,0,0,0,0,0,0,0,0,0,0,0,0,0,0,0,0,0,0,0,0,0,0,0,0,0,0,0,0,0,0,0,0,0,0,0,0,0,0,0,0,0,0,0,0,0,0,0,0,0,0,0,0,0,0,0,0,0,0,0,0,0,0,0,0,0,0,0,0,0,375,891,12,892,1,23,447,2,444,313,10,48,893,63,123,84,70,66,245,209,894,37,14,480,48
0,0,0,0,0,0,0,0,0,0,0,0,0,0,0,0,0,0,0,0,0,0,0,0,0,0,0,0,0,0,0,0,0,0,0,0,0,0,0,0,0,0,0,0,0,0,0,0,0,0,0,0,0,0,0,0,0,0,0,0,0,0,0,0,0,0,0,0,0,0,0,0,0,0,0,0,0,895,490,491,332,333,272,492,72,491,99,1,21,896,124,493,494,76,897,58,1,898,899,292
0,0,0,0,0,0,0,0,0,0,0,0,0,0,0,0,0,0,0,0,0,0,0,0,0,0,0,0,0,0,0,0,0,0,0,0,0,0,0,0,0,0,0,0,0,0,0,0,0,0,0,0,0,0,0,0,0,0,0,0,0,0,0,0,0,0,114,5,900,334,12,901,12,335,158,315,124,11,902,158,56,11,41,74,222,229,58,903,904,5,905,11,100,47,27,11,906,156,229,907
0,0,0,0,0,0,0,0,0,0,0,0,0,0,0,0,0,0,0,0,0,0,0,0,0,0,0,0,0,0,0,0,0,0,0,0,0,0,0,0,0,0,0,0,0,0,0,0,0,0,0,0,0,0,0,0,0,0,0,0,0,0,0,0,0,127,22,908,59,12,77,3,21,495,133,496,24,43,24,496,497,128,205,30,498,909,294,183,228,199,11,35,910,499,911,912,500,408,131,20
0,0,0,0,0,0,0,0,0,0,0,0,0,0,0,0,0,0,0,0,0,0,0,0,0,0,0,0,0,0,0,0,0,0,0,0,0,0,0,0,0,0,0,0,0,0,0,0,0,0,0,0,0,0,0,0,0,0,0,0,0,0,0,0,0,0,0,0,0,0,0,0,0,0,0,0,0,0,0,0,0,0,0,913,27,914,59,915,29,73,916,7,430,158,42,449,229,917,918,244
0,0,0,0,0,0,0,0,0,0,0,0,0,0,0,0,0,0,0,0,0,0,0,0,0,0,0,0,0,0,0,0,0,0,0,0,0,0,0,0,0,0,0,0,0,0,0,0,0,0,0,0,0,0,0,0,0,0,0,0,0,322,29,14,46,108,919,143,396,920,921,50,922,923,37,924,143,21,138,223,925,926,4,927,336,230,314,223,217,157,928,263,929,5,6,55,19,110,930,103
0,0,0,0,0,0,0,0,0,0,0,0,0,0,0,0,0,0,0,0,0,0,0,0,0,0,0,0,0,0,0,0,0,0,0,0,0,0,0,0,0,0,0,0,0,0,0,0,0,0,0,0,0,0,0,0,0,0,0,0,0,0,0,0,79,8,931,932,1,427,332,337,83,933,472,173,16,8,1,4,142,2,38,934,935,936,68,8,54,84,25,937,938,939,68,79,8,338,8,32
0,0,0,0,0,0,0,0,0,0,0,0,0,0,0,0,0,0,0,0,0,0,0,0,0,0,0,0,0,0,0,0,0,0,0,0,0,0,0,0,0,0,0,0,0,0,0,0,501,940,62,941,942,160,370,943,944,945,946,5,161,330,190,339,210,161,502,81,46,947,161,162,105,14,948,503,54,74,33,161,163,949,950,951,216,45,952,953,340,62,954,11,6,955,33,247,152,20,161,27
0,0,0,0,0,0,0,0,0,0,0,0,0,0,0,0,0,0,0,0,0,0,0,0,0,0,0,0,0,0,0,0,0,0,0,0,0,0,0,0,0,0,0,0,0,0,0,0,0,0,39,16,72,181,230,99,16,105,457,148,58,956,231,957,247,230,341,958,194,180,23,959,102,504,960,194,132,61,37,505,144,42,286,48,191,478,48,7,230,194,961,139,195,41,27,17,962,41,150,32
0,0,0,0,0,0,0,0,0,0,0,0,0,0,0,0,0,0,0,0,0,0,0,0,0,0,0,0,0,0,0,0,0,0,0,0,0,0,0,0,0,0,0,0,0,0,0,0,0,0,0,0,0,0,0,0,0,0,0,0,0,0,0,0,0,0,0,0,0,0,0,0,0,0,0,0,0,0,0,0,0,0,0,0,5,2,172,232,10,963,964,965,482,966,108,111,967,968,17,286
0,0,0,0,0,0,0,0,0,0,0,0,0,0,0,0,0,0,0,0,0,0,0,0,0,0,0,0,0,0,0,0,0,0,0,0,0,0,0,0,0,0,0,0,0,0,0,0,0,0,0,0,0,0,0,0,0,0,0,0,0,0,0,0,0,0,0,0,0,0,0,0,0,342,101,28,969,220,193,417,342,164,342,268,970,1,4,233,506,971,343,506,972,973,85,316,344,6,13,495
0,0,0,0,0,0,0,0,0,0,0,0,0,0,0,0,0,0,0,0,0,0,0,0,0,0,0,0,0,0,0,0,0,0,0,0,0,0,0,0,0,0,0,0,0,0,0,0,0,0,0,0,0,0,0,0,0,0,0,0,0,0,0,0,0,0,0,0,0,0,0,0,0,0,0,0,0,0,0,12,151,16,30,7,87,974,507,23,975,131,45,23,99,85,4,976,6,977,507,978
0,0,0,0,0,0,0,0,0,0,0,0,0,0,0,0,0,0,0,0,0,0,0,0,0,0,0,0,0,0,0,0,0,0,0,0,0,0,0,0,0,0,0,0,0,0,0,0,0,0,0,0,0,0,0,0,0,0,0,0,0,0,0,0,0,0,0,0,0,0,0,0,0,0,0,0,0,0,0,0,38,9,274,117,89,11,62,303,979,980,89,62,981,1,124,982,250,7,88,50
0,0,0,0,0,0,0,0,0,0,0,0,0,0,0,0,0,0,0,0,0,0,0,0,0,0,0,0,0,0,0,0,0,0,0,0,23,508,983,984,985,986,273,987,92,345,346,43,137,7,345,346,988,1,379,989,990,193,991,992,993,994,42,61,509,510,20,24,212,91,266,207,191,20,448,331,118,436,142,1,347,995,996,1,14,997,509,510,345,346,508,998,511,999,384,1000,1001,512,323,224
0,0,0,0,0,0,0,0,0,0,0,0,0,0,0,0,0,0,0,0,0,0,0,0,0,0,0,0,0,0,0,0,0,0,0,0,0,0,0,0,0,0,0,0,0,0,0,0,0,0,0,0,0,0,0,0,0,0,0,0,0,0,0,0,0,0,0,0,0,0,0,0,0,0,0,0,0,5,299,149,8,513,37,1002,74,1003,18,1,1004,96,8,37,413,23,13,1005,96,8,460,24
0,0,0,0,0,0,0,0,0,0,0,0,0,0,0,0,0,0,0,0,0,0,0,0,0,0,0,0,0,0,0,0,0,0,0,0,0,0,0,0,0,0,0,0,0,0,0,0,0,0,0,0,0,0,0,0,0,0,0,0,0,0,0,0,0,0,0,0,514,515,37,186,1006,44,1007,1008,1009,333,1010,1011,1012,1013,515,12,1014,312,1015,201,12,7,514,84,97,1016,1017,333,46,516,1018,1019
0,0,0,0,0,0,0,0,0,0,0,0,0,0,0,0,0,0,0,0,0,0,0,0,0,0,0,0,0,0,0,0,0,0,0,0,0,0,0,0,0,0,0,0,0,0,0,0,0,0,0,0,0,0,0,0,0,0,0,0,0,0,0,0,0,0,0,0,0,0,0,0,0,0,0,0,0,0,0,0,0,0,0,0,0,0,0,0,31,2,79,39,14,5,300,2,28,10,192,3
0,0,0,0,0,0,0,0,0,0,0,0,0,0,0,0,0,0,0,0,0,0,0,0,0,0,0,0,0,0,0,0,0,0,0,0,0,0,0,0,0,0,0,0,0,0,0,0,0,0,0,0,0,0,0,0,0,0,0,0,0,0,0,0,0,0,0,0,0,0,0,0,0,0,0,0,0,0,0,0,0,0,0,17,1020,1021,1022,35,62,165,415,274,79,1023,388,50,59,304,1024,1025
0,0,0,0,0,0,0,0,0,0,0,0,0,0,0,0,0,0,0,0,0,0,0,0,0,0,0,0,0,0,0,0,0,0,0,0,0,0,0,0,0,0,0,0,0,0,0,0,0,0,0,0,0,0,0,0,0,0,0,0,0,0,0,0,0,0,0,0,0,0,0,0,0,0,0,0,0,0,0,0,0,0,0,0,0,0,1026,26,30,4,38,1027,109,98,109,98,380,132,1028,1029
0,0,0,0,0,0,0,0,0,0,0,0,0,0,0,0,0,0,0,0,0,0,0,0,0,0,0,0,0,0,0,0,0,0,0,0,0,0,0,0,0,0,0,0,0,0,0,0,0,0,0,0,0,0,0,0,0,0,0,0,0,0,0,0,0,0,0,0,0,0,0,0,0,0,0,0,0,0,0,0,26,205,42,29,69,1030,1031,63,1032,326,156,45,1033,1034,348,503,1035,1036,24,118
0,0,0,0,0,0,0,0,0,0,0,0,0,0,0,0,0,0,0,0,0,0,0,0,0,0,0,0,0,0,0,0,0,0,0,0,0,0,0,0,0,0,0,0,0,0,0,0,0,0,0,0,0,0,0,0,0,0,0,0,0,0,0,0,0,0,0,0,0,0,0,0,0,0,0,0,0,0,0,0,0,0,0,0,0,0,0,0,0,0,0,0,291,7,329,91,173,291,87,76
0,0,0,0,0,0,0,0,0,0,0,0,0,0,0,0,0,0,0,0,0,0,0,0,0,0,0,0,0,0,0,0,0,0,0,0,0,0,0,0,0,0,0,0,0,0,0,0,0,0,0,0,0,0,0,0,0,0,0,0,0,0,0,0,0,0,0,0,0,0,0,0,0,0,0,0,0,0,0,43,37,517,26,162,233,233,1,28,21,198,492,107,518,1037,1038,340,200,84,1039,160
0,0,0,0,0,0,0,0,0,0,0,0,0,0,0,0,0,0,0,0,0,0,0,0,0,0,0,0,0,0,0,0,0,0,0,0,0,0,0,0,0,0,0,0,0,0,0,0,0,0,0,0,0,0,0,0,0,0,0,0,0,0,0,0,0,0,0,0,0,0,0,0,0,0,0,0,0,0,0,0,0,0,0,5,1040,203,25,490,23,106,1041,1042,1043,7,1,163,519,30,11,1044
0,0,0,0,0,0,0,0,0,0,0,0,0,0,0,0,0,0,0,0,0,0,0,0,0,0,0,0,0,0,0,0,0,0,0,0,0,0,0,0,0,0,0,0,0,0,0,0,0,0,0,0,0,0,0,0,0,0,0,0,0,0,0,0,0,0,0,0,0,0,0,0,0,0,0,0,0,0,0,0,0,0,141,162,1045,1046,1047,1048,1049,47,28,1050,269,228,1051,20,11,1052,213,318
0,0,0,0,0,0,0,0,0,0,0,0,0,0,0,0,0,0,0,0,0,0,0,0,0,0,0,0,0,0,0,0,0,0,0,0,0,0,0,0,0,0,0,0,0,0,0,0,0,0,0,0,0,0,0,0,0,0,0,0,0,0,0,0,0,0,0,0,0,0,0,0,0,0,0,0,0,0,0,159,520,40,246,421,104,16,279,1053,22,137,1054,78,33,5,15,22,144,15,1055,124
0,0,0,0,0,0,0,0,0,0,0,0,0,0,0,0,0,0,0,0,0,0,0,0,0,0,0,0,0,0,0,0,0,0,0,0,0,0,0,0,0,0,0,0,0,0,0,0,0,0,0,0,0,0,0,0,0,0,0,0,0,0,0,0,0,0,0,0,0,0,0,0,0,0,0,0,0,0,0,0,30,5,164,1056,259,3,101,1057,59,128,234,3,521,13,6,75,4,6,445,1058
0,0,0,0,0,0,0,0,0,0,0,0,0,0,0,0,0,0,0,0,0,0,0,0,0,0,0,0,0,0,0,0,0,0,0,0,0,0,0,0,0,0,0,0,0,0,0,0,0,0,0,0,0,0,0,0,0,0,0,0,0,0,0,0,0,0,0,0,0,0,0,0,0,0,0,0,0,0,0,0,0,137,261,1059,289,1060,4,85,164,306,522,40,69,290,7,17,75,154,19,1061
0,0,0,0,0,0,0,0,0,0,0,0,0,0,0,0,0,0,0,0,0,0,0,0,0,0,0,0,0,0,0,0,0,0,0,0,0,0,0,0,0,0,0,0,0,0,0,0,0,0,0,0,0,0,0,0,0,0,0,0,0,0,0,0,0,0,0,0,0,0,0,0,0,0,0,0,0,0,0,0,0,0,0,0,0,0,0,0,0,0,0,75,29,30,16,1062,221,75,1,7
0,0,0,0,0,0,0,0,0,0,0,0,0,0,0,0,0,0,0,0,0,0,0,0,0,0,0,0,0,0,0,0,0,0,0,0,0,0,0,0,0,0,0,0,0,0,0,0,0,0,0,0,0,0,0,0,0,0,0,0,0,0,0,0,0,0,0,0,0,0,0,0,0,0,0,0,0,0,0,0,0,0,0,0,0,0,0,0,1,30,7,5,71,130,1063,71,476,156,1064,46
0,0,0,0,0,0,0,0,0,0,0,0,0,0,0,0,0,0,0,0,0,0,0,0,0,0,0,0,0,0,0,0,0,0,0,0,0,0,0,0,0,0,0,0,0,0,0,0,0,0,0,0,0,0,0,0,0,0,0,0,0,0,0,0,0,0,0,0,0,0,0,0,0,0,0,0,0,0,0,0,0,0,0,0,0,0,0,0,23,523,1065,1,10,43,71,93,23,4,69,93
0,0,0,0,0,0,0,0,0,0,0,0,0,0,0,0,0,0,0,0,0,0,0,0,0,0,0,0,0,0,0,0,0,0,0,0,0,0,0,0,0,0,0,0,0,0,0,0,0,0,0,0,0,30,70,1066,1067,1068,1069,1070,1071,76,85,76,11,524,1072,7,418,76,1073,4,525,349,76,87,1074,1,443,1075,175,525,349,212,1076,1077,50,85,517,85,14,142,36,145,128,186,85,20,6,1078
0,0,0,0,0,0,0,0,0,0,0,0,0,0,0,0,0,0,0,0,0,0,0,0,0,0,0,0,0,0,0,0,0,0,0,0,0,0,0,0,0,0,0,0,0,0,0,0,0,0,0,0,0,0,0,0,0,0,0,0,0,0,0,0,0,0,0,0,235,8,271,5,308,1079,109,214,1080,8,308,8,1081,1082,57,41,219,110,441,147,23,1083,183,24,1084,512,59,29,329,401,8,1085
0,0,0,0,0,0,0,0,0,0,0,0,0,0,0,0,0,0,0,0,0,0,0,0,0,0,0,0,0,0,0,0,0,0,0,0,0,0,0,0,0,0,0,0,0,0,31,8,340,350,148,1086,467,203,113,351,505,526,63,330,350,25,54,1087,1088,526,63,14,348,113,351,36,1089,1090,1091,46,8,30,147,69,113,351,393,20,8,154,527,11,163,26,36,20,335,1092,12,1093,32,61,48,299
0,0,0,0,0,0,0,0,0,0,0,0,0,0,0,0,0,0,0,0,0,0,0,0,0,0,0,0,0,0,0,0,0,0,0,0,0,0,0,0,0,0,0,0,0,0,0,0,0,0,0,0,0,0,0,0,0,0,0,0,0,0,0,0,0,0,0,0,0,0,0,0,0,0,0,0,0,0,0,0,0,0,0,0,0,0,0,0,0,0,0,0,103,15,6,260,461,40,44,5
0,0,0,0,0,0,0,0,0,0,0,0,0,0,0,0,0,0,0,0,0,0,0,0,0,0,0,0,0,0,0,0,0,0,0,0,0,0,0,0,0,0,0,0,0,0,0,0,0,0,0,0,0,0,0,0,0,0,0,0,0,0,0,0,0,0,0,0,0,0,0,0,0,0,0,0,0,0,0,0,0,0,0,0,1094,89,28,99,33,129,231,218,150,32,344,338,29,20,1095,27
0,0,0,0,0,0,0,0,0,0,0,0,0,0,0,0,0,0,0,0,0,0,0,0,0,0,0,0,0,0,0,0,0,0,0,0,0,0,0,0,0,0,0,0,0,0,0,0,0,0,0,0,0,0,0,0,0,0,0,0,0,0,0,0,0,0,0,0,0,0,0,0,0,0,0,0,6,112,94,4,31,18,140,1096,94,31,276,17,343,18,6,110,498,1,111,1097,1,1098,10,18
0,0,0,0,0,0,0,0,0,0,0,0,0,0,0,0,0,0,0,0,0,0,0,0,0,0,0,0,0,0,0,0,0,0,0,0,0,0,0,0,0,0,0,0,0,0,0,0,0,0,0,0,0,0,0,0,0,0,0,0,0,0,0,0,0,0,0,0,0,0,0,0,0,0,0,0,0,102,20,318,152,437,528,5,1099,119,62,40,1100,1101,38,528,232,92,69,529,3,165,1102,1103
0,0,0,0,0,0,0,0,0,0,0,0,0,0,0,0,0,0,0,0,0,0,0,0,0,0,0,0,0,0,0,0,0,0,0,0,0,0,0,0,0,0,0,0,0,0,0,0,0,0,0,0,0,0,0,0,0,0,0,0,0,0,0,0,0,0,0,0,0,0,0,0,0,0,0,0,0,0,0,0,0,0,0,11,519,145,530,1104,1105,1106,13,1107,1108,1109,1110,338,150,32,10,29
0,0,0,0,0,0,0,0,0,0,0,0,0,0,0,0,0,0,0,0,0,0,0,0,0,0,0,0,0,0,0,0,0,0,0,0,0,0,0,0,0,0,0,0,0,0,0,0,0,0,0,0,0,0,0,0,0,0,0,0,0,0,0,0,0,0,0,20,53,428,60,34,19,1111,19,1112,60,34,73,19,337,1113,232,1114,531,369,465,1115,1116,27,1117,27,1118,1119,1120,144,27,129,1121,257
1152,1153,1154,537,538,339,167,86,1155,77,179,52,255,237,353,255,28,44,1156,172,237,311,1157,1158,130,166,9,353,1159,1160,1161,206,539,66,282,1,1162,1163,166,328,156,111,179,52,64,1164,267,1165,311,1166,540,231,1167,34,1168,541,540,328,353,9,1169,542,1170,332,9,339,1,1171,206,1172,1173,55,122,234,14,1174,21,1175,493,524,1176,41,1177,166,122,56,1178,41,534,80,307,1179,1180,33,227,1181,521,46,462,154
21,36,135,21,13,1213,188,1214,409,1215,547,253,167,21,47,35,77,1216,1217,28,202,185,9,64,125,511,16,52,82,9,1218,545,1219,548,1220,354,32,1221,1222,1223,199,253,50,65,65,1224,1225,549,1226,81,12,149,1227,65,162,292,50,42,355,56,43,1,355,1228,41,1229,548,19,1230,1231,550,389,19,196,1232,1233,1234,1235,65,91,1236,91,36,167,551,1237,47,552,364,272,1238,354,65,110,48,1239,25,1240,1241,49
0,0,0,0,0,0,0,0,0,0,0,0,0,0,0,0,0,0,0,0,0,0,0,0,0,0,0,0,0,0,0,0,0,0,0,0,0,0,0,0,0,0,0,0,0,0,0,0,0,0,0,0,0,0,0,0,0,0,0,0,0,0,0,0,0,0,0,0,0,0,0,0,0,0,0,0,0,0,0,0,0,0,0,0,0,0,0,0,0,5,93,108,165,1,10,59,61,149,80,17
560,165,358,1253,359,416,236,305,4,560,334,390,360,391,220,557,1254,1255,57,501,554,1256,1257,29,471,523,1258,1259,477,1260,11,1261,238,208,1262,502,360,1263,1264,1265,1266,1267,11,208,1268,373,1269,1270,23,358,170,25,6,175,455,144,25,486,175,1271,6,5,1272,1273,1274,1275,1276,357,5,170,190,153,170,153,1277,1278,238,358,25,243,35,7,360,1279,357,160,1280,553,558,359,170,238,80,108,141,170,188,254,359,42
0,0,0,0,0,0,0,0,0,0,0,0,0,0,0,0,0,0,0,0,0,0,0,0,0,0,0,0,0,0,0,0,0,0,0,0,0,0,0,0,0,0,0,0,0,0,0,0,0,0,0,0,0,0,0,0,0,0,0,0,0,0,0,0,0,0,0,0,0,0,0,0,0,0,0,0,0,0,0,0,0,0,0,10,1,2,4,309,202,270,3,1281,561,1282,1283,7,34,2,217,24
0,0,0,0,0,0,0,0,0,0,0,0,0,31,1284,276,1285,3,2,95,5,151,1286,169,341,226,1287,243,1288,2,4,300,532,352,287,210,562,1289,95,297,562,3,1290,383,1291,381,269,119,13,12,3,2,236,146,1292,12,61,289,19,1293,1294,1295,14,1296,29,127,1297,86,1298,12,97,420,305,158,1299,2,162,228,551,145,1300,1301,550,20,138,239,1302,191,139,19,57,1303,20,154,1304,275,49,229,1305,58
0,0,0,0,0,0,0,0,0,0,0,0,0,0,0,0,0,0,0,0,0,0,0,0,0,0,0,0,0,0,0,0,0,0,0,0,0,0,0,0,0,0,0,0,0,0,0,0,0,0,0,0,0,0,0,0,0,0,0,0,0,0,0,0,0,0,0,0,0,0,0,0,0,0,0,0,1306,7,163,494,163,1307,123,1308,414,85,88,124,531,235,19,7,350,1309,1310,561,546,1311,1312,7
0,0,0,0,0,0,0,0,0,0,0,0,0,0,0,0,0,0,0,0,0,0,0,0,0,0,0,0,0,0,0,0,0,0,0,0,0,0,0,0,0,0,0,0,0,0,0,0,0,0,0,0,0,0,0,0,0,0,0,0,0,0,0,0,0,0,0,0,0,0,0,0,0,0,0,0,0,0,0,0,0,0,0,0,0,0,0,563,204,55,159,563,520,6,15,4,552,183,24,4
0,0,0,0,0,0,0,0,0,0,0,0,0,0,0,0,0,0,0,0,0,0,0,0,0,0,0,0,0,0,0,0,0,0,0,0,0,0,0,0,0,0,0,0,0,0,0,0,0,0,0,0,0,0,0,0,0,0,0,0,0,0,0,0,0,0,0,0,0,0,0,0,1313,3,352,468,47,100,30,66,1314,1315,3,213,40,252,148,6,35,29,55,1316,55,3,1317,152,118,35,234,1318
0,0,0,0,0,0,0,0,0,0,0,0,0,0,0,0,0,0,0,0,0,0,0,0,0,0,0,0,0,0,0,0,0,0,0,0,0,0,0,0,0,0,0,0,0,306,126,27,20,24,105,549,43,24,99,275,49,400,153,235,1319,1320,141,101,456,74,43,33,43,6,39,14,189,1321,1322,347,39,564,1323,100,74,103,159,48,101,499,1,233,564,24,189,547,159,1324,40,25,1325,26,35,1326
0,0,0,0,0,0,0,0,0,0,0,0,0,0,0,0,0,0,0,0,0,0,0,0,0,0,0,0,0,0,0,0,0,0,0,0,0,0,0,0,0,0,0,0,0,0,0,0,0,0,0,0,0,0,0,0,0,0,0,0,0,0,0,0,0,0,0,0,0,0,0,0,0,0,0,0,0,0,0,0,0,0,0,0,0,0,0,0,0,0,0,129,16,1327,1,10,90,294,11,208
0,0,0,0,0,0,0,0,0,0,0,0,0,0,0,0,0,0,0,0,0,0,0,0,0,0,0,0,0,0,0,0,0,0,0,0,0,0,0,0,0,0,0,0,0,0,0,235,126,96,1328,2,361,3,6,543,60,34,10,1,38,5,50,537,371,361,3,48,1329,25,10,66,1330,322,2,3,120,361,411,1331,3,26,188,13,2,273,439,17,207,60,34,145,13,100,343,38,5,3,10,17
0,0,0,0,0,0,0,0,0,0,0,0,0,0,0,0,0,0,0,0,0,0,0,0,0,0,0,0,0,0,0,0,0,0,0,0,0,0,0,0,0,0,0,0,483,43,12,3,95,121,39,1332,22,177,334,1333,150,32,1334,1335,1336,1337,268,324,122,1338,11,312,1339,1340,37,204,127,265,45,12,335,45,1341,475,45,1342,58,47,539,37,1343,1344,1345,59,59,1346,3,1347,1348,559,224,1349,1350,1351
0,0,0,0,0,0,0,0,0,0,0,0,0,0,0,0,0,0,0,0,0,0,0,0,0,0,0,0,0,0,0,0,0,0,0,0,0,0,0,0,0,0,0,0,0,0,0,0,0,0,0,0,0,0,0,0,0,0,0,0,0,0,0,0,0,0,0,0,0,0,0,0,0,0,0,0,0,0,0,0,0,0,0,30,7,1352,1353,1354,225,1355,225,102,179,52,222,1356,195,331,20,157
314,219,489,200,217,1357,38,219,182,45,542,48,535,240,241,97,52,168,94,363,52,168,114,565,16,119,211,81,25,321,106,81,33,48,5,44,146,1358,211,157,500,218,32,356,377,240,241,52,168,302,298,19,134,7,181,112,114,565,57,260,1359,479,196,181,81,419,32,17,92,295,240,241,11,119,1360,513,566,70,1361,301,1362,1363,44,209,36,240,241,52,168,10,164,24,119,110,1364,327,82,2,209,36
0,0,0,0,0,0,0,0,0,0,0,0,0,0,0,0,0,0,0,0,0,0,0,0,0,0,0,0,0,0,0,0,0,0,0,0,0,0,0,0,0,0,0,0,0,0,0,0,0,0,0,0,0,0,0,0,0,0,0,0,0,0,0,0,0,0,0,0,1365,193,1366,1367,567,536,321,43,1368,248,567,1369,96,1370,1371,566,223,57,1372,1373,6,40,518,165,160,120,1374,14,1375,256,1376,1377
0,0,0,0,0,0,0,0,0,0,0,0,0,0,0,0,0,0,0,0,0,0,0,0,0,0,0,0,0,0,0,0,0,0,0,0,0,0,0,0,0,0,0,0,0,0,0,0,0,0,0,0,0,0,0,0,0,0,5,3,2,31,79,63,23,83,63,55,55,138,203,487,79,2,112,1378,5,265,10,348,231,4,79,26,452,6,135,1379,2,26,304,60,34,5,1380,1381,1382,1383,142,97
406,1389,239,117,14,171,1390,362,199,8,3,326,56,83,6,270,242,195,18,23,1391,18,36,6,242,84,1392,453,66,14,23,538,18,87,442,18,36,13,55,242,184,527,98,1393,63,98,1394,301,18,41,1395,1396,1397,4,239,117,1398,1399,1400,234,529,1401,1402,246,77,362,171,4,239,117,171,25,18,37,568,3,104,96,8,1403,13,1404,1405,123,1406,31,18,13,37,171,84,31,18,3,568,16,153,4,31,18
0,0,0,0,0,0,0,0,0,0,0,0,0,0,0,0,0,0,0,0,0,0,0,0,0,0,0,0,0,0,0,0,0,0,0,0,0,0,0,0,0,0,0,0,0,0,0,0,0,0,0,0,0,0,0,0,0,0,0,0,0,0,0,0,0,0,0,0,1407,151,556,227,21,1408,516,147,30,46,376,1409,1410,197,87,78,1411,21,46,202,227,285,67,5,1,83,385,76,87,530,37,78
